ticker,group,date,open,high,low,close,volume,prev_close,change_pct,ma20,ma50,ma100,ma200,avg_volume_20d,avg_volume_50d,volume_ma5,volume_ma10,vol_ratio_20d,rsi14,rsi_direction,macd,macd_signal,macd_hist,macd_hist_change,macd_cross,kdj_k,kdj_d,kdj_j,kdj_cross,atr14,ma20_slope,ma50_slope,dist_ma20_pct,dist_ma50_pct,dist_ma100_pct,dist_ma200_pct,high_20d,low_20d,high_60d,low_60d,near_20d_high_pct,above_ma20,above_ma50,above_ma200,data_quality,rel_qqq_1d_pct,rel_smh_1d_pct,rel_igv_1d_pct,snapshot_generated_at_utc,snapshot_start_date,snapshot_end_date,snapshot_data_source,error
AAOI,optical_cpo,2026-09-28,100.09,102.43,93.62,96.82,8195644.0,101.4,-4.5168,102.7625,111.5884,135.6921,107.3428,6728881.5752,9501438.4534,6668042.4204,7094062.5227,1.218,41.2713,down,-4.1445,-4.496,0.3515,-0.3014,none,37.2269,42.3019,27.0769,bearish,8.2233,-0.4558,-0.1001,-5.7828,-13.2347,-28.6473,-9.803,116.8999,93.62,160.99,76.01,-17.177,False,False,False,historical_ohlcv_and_technicals_available,-3.4463,-3.4369,-3.9697,2026-09-29T11:55:22.862538+00:00,2025-06-26,2026-09-29,polygon_aggregates,
ALAB,future_candidates,2026-09-28,356.32,367.68,342.0,351.31,4080543.0,364.62,-3.6504,306.3025,305.9835,322.4411,237.1323,4110411.6077,4139775.2522,3865800.9105,4336172.1016,0.9927,59.9239,down,14.5597,4.9476,9.6122,-1.4836,none,83.995,79.472,93.0411,none,23.2828,1.0198,0.3127,14.6938,14.8134,8.9532,48.1493,377.87,251.625,453.7999,244.61,-7.0289,True,True,True,historical_ohlcv_and_technicals_available,-2.5799,-2.5705,-3.1033,2026-09-29T11:55:22.862538+00:00,2025-06-26,2026-09-29,polygon_aggregates,
ARM,market_thermometer,2026-09-28,305.83,307.17,279.2,283.33,9103966.0,310.32,-8.6975,270.249,264.6388,290.4281,212.5378,5563192.4007,5140421.7479,8011866.88,7267516.2212,1.6365,51.9501,down,12.9707,7.9413,5.0294,-2.9955,none,67.4141,75.0222,52.1981,bearish,19.8335,0.826,0.1221,4.8404,7.0629,-2.444,33.308,336.98,225.46,339.44,219.39,-15.9208,True,True,True,historical_ohlcv_and_technicals_available,-7.627,-7.6176,-8.1504,2026-09-29T11:55:22.862538+00:00,2025-06-26,2026-09-29,polygon_aggregates,
ASML,market_thermometer,2026-09-28,1748.82,1784.56,1735.5,1771.41,1374642.0,1743.94,1.5752,1690.237,1718.0492,1718.2652,1528.2261,1310193.9838,1386360.2512,1174464.9084,1402931.3541,1.0492,57.4563,up,3.8595,-10.0965,13.956,2.032,none,86.3425,75.0812,108.8652,none,52.0917,0.2231,0.0277,4.8025,3.1059,3.0929,15.9128,1790.0,1572.84,1896.35,1530.64,-1.0385,True,True,True,historical_ohlcv_and_technicals_available,2.6457,2.6551,2.1223,2026-09-29T11:55:22.862538+00:00,2025-06-26,2026-09-29,polygon_aggregates,
AVGO,core_portfolio,2026-09-28,352.865,355.86,347.32,349.57,21527902.0,352.81,-0.9183,357.0707,376.1998,389.572,368.0672,27647708.8194,22513100.5131,20534448.0235,24552963.1192,0.7787,41.9464,down,-6.4396,-7.3557,0.916,-0.2311,none,53.3492,55.3969,49.2539,bearish,10.7733,-0.2684,-0.1129,-2.1006,-7.0786,-10.2682,-5.0255,372.75,335.8147,432.73,335.8147,-6.2186,False,False,False,historical_ohlcv_and_technicals_available,0.1522,0.1616,-0.3712,2026-09-29T11:55:22.862538+00:00,2025-06-26,2026-09-29,polygon_aggregates,
CEG,power,2026-09-28,261.75,262.66,257.38,260.43,2124871.0,263.27,-1.0787,273.4538,272.0987,269.8149,289.8656,2905479.212,2745586.6446,2242310.503,3028816.5355,0.7313,41.8046,down,-4.1356,-2.4906,-1.6451,0.2209,none,46.1316,36.2963,65.8022,none,8.9452,-0.2975,0.0591,-4.7627,-4.2884,-3.4783,-10.1549,305.8,250.55,305.8,236.56,-14.8365,False,False,False,historical_ohlcv_and_technicals_available,-0.0082,0.0012,-0.5316,2026-09-29T11:55:22.862538+00:00,2025-06-26,2026-09-29,polygon_aggregates,
CRDO,optical_cpo,2026-09-28,206.115,208.105,189.439,192.67,9095433.0,210.97,-8.6742,178.5565,209.7591,219.3558,176.2803,10040298.6878,6844953.967,8531742.7711,9152674.7867,0.9059,49.6339,down,-5.0634,-10.9723,5.9089,-0.5889,none,81.6537,79.2797,86.4015,none,14.147,-1.1099,-0.0954,7.9042,-8.147,-12.1655,9.2975,238.3948,149.14,286.24,149.14,-19.1803,True,False,True,historical_ohlcv_and_technicals_available,-7.6037,-7.5943,-8.1271,2026-09-29T11:55:22.862538+00:00,2025-06-26,2026-09-29,polygon_aggregates,
CRWD,future_candidates,2026-09-28,248.91,260.6847,246.51,259.25,8961956.0,252.13,2.8239,232.3255,213.7546,192.8611,150.7603,11956130.7663,9964531.5131,9431250.2948,12132465.934,0.7496,64.7637,up,13.648,11.1514,2.4966,-0.3156,none,83.825,84.7556,81.9639,none,12.2556,0.887,0.5283,11.5891,21.2839,34.4232,71.9618,263.87,200.6,263.87,174.14,-1.7509,True,True,True,historical_ohlcv_and_technicals_available,3.8944,3.9038,3.371,2026-09-29T11:55:22.862538+00:00,2025-06-26,2026-09-29,polygon_aggregates,
DRAM,memory,2026-09-28,60.35,60.845,58.2715,59.7,27675634.0,61.91,-3.5697,58.8075,56.0378,58.797,,27864963.9534,45698801.5253,26816680.8574,26479290.4397,0.9932,52.4178,down,1.2634,1.0343,0.2291,-0.1807,none,67.828,67.8464,67.7911,bearish,2.6456,0.3301,0.2497,1.5177,6.5352,1.5358,,63.82,54.285,66.1,44.4001,-6.4557,True,True,,historical_ohlcv_and_technicals_available,-2.4992,-2.4898,-3.0226,2026-09-29T11:55:22.862538+00:00,2025-06-26,2026-09-29,polygon_aggregates,
ETN,power,2026-09-28,437.71,441.94,423.83,431.41,2367709.0,439.98,-1.9478,415.447,419.73,411.8956,387.2791,2103713.8298,2125435.5539,1762009.5312,2272435.9407,1.1255,54.6972,down,5.4963,1.9536,3.5427,-0.8937,none,81.3002,79.7277,84.4454,none,14.4916,0.3458,0.1499,3.8424,2.7827,4.7377,11.3951,447.33,384.7701,478.0,358.125,-3.5589,True,True,True,historical_ohlcv_and_technicals_available,-0.8773,-0.8679,-1.4007,2026-09-29T11:55:22.862538+00:00,2025-06-26,2026-09-29,polygon_aggregates,
GEV,core_portfolio,2026-09-28,953.22,967.0,944.855,949.77,1658522.0,957.63,-0.8208,933.25,970.7432,1003.5274,911.9574,2239497.6349,2351884.8594,1708048.6183,2409748.2885,0.7406,50.0429,down,-5.2377,-11.7936,6.5559,-0.5901,none,76.4522,71.2969,86.7628,none,35.9496,0.2031,-0.2222,1.7702,-2.1605,-5.3568,4.1463,983.34,868.25,1195.94,868.25,-3.4139,True,False,True,historical_ohlcv_and_technicals_available,0.2497,0.2591,-0.2737,2026-09-29T11:55:22.862538+00:00,2025-06-26,2026-09-29,polygon_aggregates,
GOOGL,core_portfolio,2026-09-28,340.7,343.59,339.56,342.75,19318322.0,343.92,-0.3402,341.982,344.21,357.3985,338.3352,26604884.6425,27418278.5291,26068238.5909,26852412.4985,0.7261,48.8119,down,-0.047,-0.3033,0.2563,-0.1944,none,32.7974,44.2669,9.8584,none,8.4693,-0.0561,-0.0234,0.2246,-0.4242,-4.0986,1.3049,364.17,327.74,384.48,314.9,-5.8819,True,False,True,historical_ohlcv_and_technicals_available,0.7303,0.7397,0.2069,2026-09-29T11:55:22.862538+00:00,2025-06-26,2026-09-29,polygon_aggregates,
I:TNX,macro,,,,,,,,,,,,,,,,,,,,,,,,,,,,,,,,,,,,,,,,,,,,failed,,,,2026-09-29T11:55:22.862538+00:00,2025-06-26,2026-09-29,polygon_aggregates,Failed to fetch I:TNX after 3 attempts: 403 Client Error: Forbidden for url: https://api.polygon.io/v2/aggs/ticker/I%3ATNX/range/1/day/2025-06-26/2026-09-29?adjusted=true&sort=asc&limit=5000&apiKey=GoBXKFghKu8adOlQHDOi7p9f5RSxSV9i
I:VIX,macro,,,,,,,,,,,,,,,,,,,,,,,,,,,,,,,,,,,,,,,,,,,,failed,,,,2026-09-29T11:55:22.862538+00:00,2025-06-26,2026-09-29,polygon_aggregates,Failed to fetch I:VIX after 3 attempts: 403 Client Error: Forbidden for url: https://api.polygon.io/v2/aggs/ticker/I%3AVIX/range/1/day/2025-06-26/2026-09-29?adjusted=true&sort=asc&limit=5000&apiKey=GoBXKFghKu8adOlQHDOi7p9f5RSxSV9i
IGV,market_thermometer,2026-09-28,103.73,106.05,103.57,105.43,8458351.0,106.01,-0.5471,105.308,101.6354,97.2007,93.634,9069217.7594,11522101.803,7433883.5109,7803798.7993,0.9326,52.2247,down,1.1785,1.3116,-0.133,-0.1019,none,60.0943,68.6518,42.9792,none,2.5535,-0.1929,0.2492,0.1159,3.7335,8.4664,12.598,110.57,100.59,110.57,86.78,-4.6486,True,True,True,historical_ohlcv_and_technicals_available,0.5234,0.5328,0.0,2026-09-29T11:55:22.862538+00:00,2025-06-26,2026-09-29,polygon_aggregates,
LITE,optical_cpo,2026-09-28,947.8,950.97,881.23,921.32,4461541.0,941.65,-2.159,913.012,862.8355,866.1037,732.0339,4441062.7612,4706728.3943,3921989.1237,4789370.6775,1.0046,51.9866,down,17.3157,18.1669,-0.8512,-1.3783,bearish,54.6147,54.6539,54.5364,bearish,62.1714,0.1443,0.4388,0.91,6.7782,6.3753,25.8576,1026.76,818.89,1026.76,594.84,-10.2692,True,True,True,historical_ohlcv_and_technicals_available,-1.0885,-1.0791,-1.6119,2026-09-29T11:55:22.862538+00:00,2025-06-26,2026-09-29,polygon_aggregates,
MRVL,core_portfolio,2026-09-28,259.65,261.7814,248.1415,251.9,16916442.0,261.935,-3.8311,234.6527,221.8338,228.693,163.3267,18489439.9237,21997166.8976,15275837.7473,17157124.5985,0.9149,57.1283,down,9.6996,7.1615,2.538,-1.0135,none,79.2215,81.757,74.1504,bearish,13.5275,0.7574,0.5732,7.3501,13.5535,10.1477,54.2307,267.4799,200.62,267.4799,162.9,-5.8247,True,True,True,historical_ohlcv_and_technicals_available,-2.7606,-2.7512,-3.284,2026-09-29T11:55:22.862538+00:00,2025-06-26,2026-09-29,polygon_aggregates,
MU,core_portfolio,2026-09-28,1075.98,1084.81,1032.0,1053.98,22227157.0,1082.28,-2.6149,1000.1985,945.7157,939.7022,665.106,24972638.4861,32066234.6052,23201706.0264,24272570.1289,0.8901,58.3503,down,34.5147,25.6462,8.8685,-2.8384,none,79.1387,76.472,84.4721,none,48.3293,0.6092,0.4355,5.3771,11.4479,12.1611,58.468,1108.72,902.6,1108.72,737.88,-4.9372,True,True,True,historical_ohlcv_and_technicals_available,-1.5444,-1.535,-2.0678,2026-09-29T11:55:22.862538+00:00,2025-06-26,2026-09-29,polygon_aggregates,
NVDA,market_thermometer,2026-09-28,229.75,233.21,228.04,228.86,142344321.0,225.07,1.6839,222.32,216.498,213.2064,199.6927,113428895.7056,121840020.8146,99011185.3824,107396393.5565,1.2549,58.649,up,2.5922,2.0508,0.5414,0.1761,none,75.1111,68.9562,87.4209,none,6.0332,0.255,0.2412,2.9417,5.71,7.342,14.6061,234.76,208.93,234.76,190.01,-2.5132,True,True,True,historical_ohlcv_and_technicals_available,2.7544,2.7638,2.231,2026-09-29T11:55:22.862538+00:00,2025-06-26,2026-09-29,polygon_aggregates,
PLTR,future_candidates,2026-09-28,186.231,190.25,185.62,187.48,18464069.0,189.67,-1.1546,178.462,165.0288,148.7531,152.0518,26032450.5621,35402609.0958,23211642.9789,25336585.9841,0.7093,61.0101,down,6.0385,5.2673,0.7712,-0.2528,none,81.0823,80.3327,82.5816,none,6.7207,0.0334,0.6723,5.0532,13.6044,26.0344,23.3001,194.68,164.55,194.68,117.89,-3.6984,True,True,True,historical_ohlcv_and_technicals_available,-0.0841,-0.0747,-0.6075,2026-09-29T11:55:22.862538+00:00,2025-06-26,2026-09-29,polygon_aggregates,
PWR,power,2026-09-28,645.21,656.51,635.39,644.36,848373.0,649.13,-0.7348,628.705,641.7434,674.4102,601.5006,855758.7426,1036035.7182,820083.8384,840162.7328,0.9914,52.706,down,0.3653,-3.445,3.8103,-0.2287,none,75.0977,68.4567,88.3797,none,22.0199,0.3324,0.0494,2.49,0.4077,-4.4558,7.1254,656.51,593.7,724.8,554.12,-1.8507,True,True,True,historical_ohlcv_and_technicals_available,0.3357,0.3451,-0.1877,2026-09-29T11:55:22.862538+00:00,2025-06-26,2026-09-29,polygon_aggregates,
QQQ,market_thermometer,2026-09-28,740.455,741.42,731.63,736.53,41775024.0,744.5,-1.0705,721.8795,713.4776,716.2414,666.1443,33541862.6019,35568305.3261,34876062.8908,36917956.5291,1.2455,58.4674,down,7.4137,4.6933,2.7205,-0.7347,none,82.853,80.3722,87.8145,none,9.7815,0.1394,0.1156,2.0295,3.231,2.8326,10.5661,748.349,700.0,748.349,661.14,-1.5793,True,True,True,historical_ohlcv_and_technicals_available,0.0,0.0094,-0.5234,2026-09-29T11:55:22.862538+00:00,2025-06-26,2026-09-29,polygon_aggregates,
SMH,market_thermometer,2026-09-28,605.29,607.95,591.92,600.01,5830998.0,606.56,-1.0799,571.177,566.7602,582.0472,494.4368,6415407.9875,8430499.0445,5776810.353,6334879.2975,0.9089,59.6348,down,9.8109,4.4714,5.3395,-0.7229,none,87.1376,80.8381,99.7367,none,16.0827,0.4122,0.1537,5.048,5.8666,3.0861,21.3522,609.66,537.73,618.21,503.63,-1.5828,True,True,True,historical_ohlcv_and_technicals_available,-0.0094,0.0,-0.5328,2026-09-29T11:55:22.862538+00:00,2025-06-26,2026-09-29,polygon_aggregates,
SNDK,memory,2026-09-28,1736.64,1762.0,1659.02,1712.89,6662150.0,1777.8,-3.6511,1675.1842,1523.9203,1624.11,1115.3787,10583165.9835,13385480.026,8578934.5669,9389931.4895,0.6295,53.3254,down,61.7484,55.4655,6.283,-7.2648,none,63.1055,65.1669,58.9825,bearish,112.1196,0.6849,0.4722,2.2508,12.4002,5.4664,53.5703,1909.48,1449.5,1952.59,998.19,-10.2955,True,True,True,historical_ohlcv_and_technicals_available,-2.5806,-2.5712,-3.104,2026-09-29T11:55:22.862538+00:00,2025-06-26,2026-09-29,polygon_aggregates,
SNOW,future_candidates,2026-09-28,320.01,333.72,316.63,328.12,4525122.0,335.94,-2.3278,332.1215,318.2176,270.6801,225.5728,5603373.2299,4925534.547,3869678.7724,3940879.8112,0.8076,50.0849,down,4.3909,5.821,-1.4301,-0.4761,none,50.1019,52.9577,44.3905,bearish,15.2566,0.0018,0.3736,-1.2048,3.1118,21.2206,45.4608,384.56,303.89,384.56,253.0,-14.6765,False,True,True,historical_ohlcv_and_technicals_available,-1.2573,-1.2479,-1.7807,2026-09-29T11:55:22.862538+00:00,2025-06-26,2026-09-29,polygon_aggregates,
SPCX,special_situation,2026-09-28,148.49,150.8,145.36,145.47,83516666.0,148.68,-2.159,148.594,136.3528,111.6588,67.7311,91180500.7494,96903572.7706,66134501.4231,101412980.1249,0.9159,49.972,down,2.9848,4.0874,-1.1026,-0.298,none,33.4839,47.9861,4.4796,none,6.5426,0.1338,0.3161,-2.1024,6.6865,30.2809,114.7758,158.13,138.17,167.895,104.83,-8.0061,False,True,True,historical_ohlcv_and_technicals_available,-1.0885,-1.0791,-1.6119,2026-09-29T11:55:22.862538+00:00,2025-06-26,2026-09-29,polygon_aggregates,
TSLA,future_candidates,2026-09-28,368.06,369.43,356.8,357.45,39452901.0,372.11,-3.9397,366.1192,347.7807,378.7903,395.1834,39987469.8857,38756408.3277,34674100.342,36331154.0881,0.9866,47.0638,down,4.9044,5.21,-0.3056,-1.3836,bearish,47.4836,59.7097,23.0314,bearish,12.9164,0.119,-0.1343,-2.3679,2.7803,-5.6338,-9.5483,386.83,347.15,420.0,297.38,-7.5951,False,True,False,historical_ohlcv_and_technicals_available,-2.8692,-2.8598,-3.3926,2026-09-29T11:55:22.862538+00:00,2025-06-26,2026-09-29,polygon_aggregates,
TSM,market_thermometer,2026-09-28,448.39,455.2718,443.11,452.88,7874454.0,450.61,0.5038,431.9565,421.2674,423.4693,383.9144,9751485.2872,10958088.0859,8958240.0544,10004022.745,0.8075,63.1938,up,8.2045,5.5887,2.6158,-0.1074,none,89.1442,81.7768,103.8789,none,10.6254,0.411,0.2595,4.8439,7.5042,6.9452,17.9638,455.2718,407.815,460.03,372.72,-0.5254,True,True,True,historical_ohlcv_and_technicals_available,1.5743,1.5837,1.0509,2026-09-29T11:55:22.862538+00:00,2025-06-26,2026-09-29,polygon_aggregates,
VRT,power,2026-09-28,253.23,254.2,242.52,244.04,4284811.0,253.28,-3.6481,253.8835,265.0356,293.5139,263.0888,5389690.5164,5509768.3213,3925773.7026,4855245.3997,0.795,43.7177,down,-6.1216,-6.6934,0.5718,-0.2326,none,57.2222,54.2996,63.0675,none,12.613,-0.2562,-0.3423,-3.8772,-7.9218,-16.8557,-7.2404,295.34,226.94,338.88,220.92,-17.3698,False,False,False,historical_ohlcv_and_technicals_available,-2.5776,-2.5682,-3.101,2026-09-29T11:55:22.862538+00:00,2025-06-26,2026-09-29,polygon_aggregates,
VST,power,2026-09-28,138.08,139.01,135.77,138.02,4346508.0,138.46,-0.3178,142.557,145.2544,149.5997,155.5091,4567733.2398,4445859.0959,4436275.8383,4534535.7652,0.9516,41.7403,down,-1.7683,-1.325,-0.4433,0.0143,none,19.1084,18.7686,19.7882,bullish,4.4081,0.0326,-0.2393,-3.1826,-4.9805,-7.7405,-11.2463,154.9,134.9,169.76,134.5,-10.8974,False,False,False,historical_ohlcv_and_technicals_available,0.7527,0.7621,0.2293,2026-09-29T11:55:22.862538+00:00,2025-06-26,2026-09-29,polygon_aggregates,
WDC,memory,2026-09-28,449.01,459.99,432.04,453.23,7429837.0,456.81,-0.7837,449.726,473.4578,513.7706,394.6826,6598530.961,7222800.093,6808379.0517,7783914.8675,1.126,48.6896,down,-5.6743,-9.5462,3.8719,-0.3371,none,66.1875,60.8322,76.8981,none,27.6281,-0.0691,-0.1012,0.7791,-4.2724,-11.7836,14.8341,495.49,407.12,601.5,407.12,-8.5289,True,False,True,historical_ohlcv_and_technicals_available,0.2868,0.2962,-0.2366,2026-09-29T11:55:22.862538+00:00,2025-06-26,2026-09-29,polygon_aggregates,
